disease,postLink
Covid,https://connect.mayoclinic.org/discussion/internal-fasciculations-next-to-spine/
Covid,https://connect.mayoclinic.org/discussion/any-benefits-to-taking-prednisone-5-mg-for-long-covid-symptoms/
Covid,https://connect.mayoclinic.org/discussion/anaphylaxis/
Covid,https://connect.mayoclinic.org/discussion/any-tips-on-coping-wisolation-loss-of-support-lc-since-2020/
Covid,https://connect.mayoclinic.org/discussion/7-month-post-covid-and-dizziness-and-headaches-are-getting-worse/
Covid,https://connect.mayoclinic.org/discussion/weight-gain-3/
Covid,https://connect.mayoclinic.org/discussion/are-there-any-new-brain-fog-treatments/
Covid,https://connect.mayoclinic.org/discussion/rsv/
Covid,https://connect.mayoclinic.org/discussion/lingering-dry-nasal-passageways/
Covid,https://connect.mayoclinic.org/discussion/long-haul-covid-tremors-and-muscle-spasms/
Covid,https://connect.mayoclinic.org/discussion/does-anyone-know-of-anyone-whom-has-gotten-over-long-covid-condition/
Covid,https://connect.mayoclinic.org/discussion/posting-for-a-friend-with-a-racing-heart-problem-covid-related/
Covid,https://connect.mayoclinic.org/discussion/new-guy-looking-for-answers-path-forward/
Covid,https://connect.mayoclinic.org/discussion/long-covid-and-driving/
Covid,https://connect.mayoclinic.org/discussion/anyone-experiencing-dry-eyes-and-vision-changes/
Covid,https://connect.mayoclinic.org/discussion/im-very-supportive-but-she-doesnt-want-it/
Covid,https://connect.mayoclinic.org/discussion/monoclonal-antibodies/
Covid,https://connect.mayoclinic.org/discussion/has-anyone-tried-creatine-for-post-covid-fatigue/
Covid,https://connect.mayoclinic.org/discussion/lc-autonomic-dysfunction-and-bowel-blockage/
Covid,https://connect.mayoclinic.org/discussion/anyone-taking-naltrexone-for-long-covid/
Covid,https://connect.mayoclinic.org/discussion/covid-recovery-and-gi-pain/
Covid,https://connect.mayoclinic.org/discussion/has-anyone-heard-of-covid-affecting-the-liver/
Covid,https://connect.mayoclinic.org/discussion/asthma-post-covid-with-no-history-of-asthma/
Covid,https://connect.mayoclinic.org/discussion/has-anyone-had-cytokine-testing/
Covid,https://connect.mayoclinic.org/discussion/latest-update-statin-for-covid/
Covid,https://connect.mayoclinic.org/discussion/do-any-of-you-know-of-a-good-zoom-support-group/
Covid,https://connect.mayoclinic.org/discussion/continued-post-nasal-drip-and-constant-mucus-in-throat/
Covid,https://connect.mayoclinic.org/discussion/post-covid-sinuses-fill-when-i-lie-down-preventing-sleep-1/
Covid,https://connect.mayoclinic.org/discussion/fevers-weeks-after-covid/
Covid,https://connect.mayoclinic.org/discussion/speech-cognitive-therapy-helped-me/
Covid,https://connect.mayoclinic.org/discussion/post-covid-heart-issues/
Covid,https://connect.mayoclinic.org/discussion/phq-9-screening-little-interest-or-pleasure-in-doing-things/
Covid,https://connect.mayoclinic.org/discussion/after-effects-of-covid-19-strain-eg-5-the-most-recent-82023/
Covid,https://connect.mayoclinic.org/discussion/covid-recovery-clinic-experience/
Covid,https://connect.mayoclinic.org/discussion/internalvi-ratio-upon-waking/
Covid,https://connect.mayoclinic.org/discussion/weakness-dizziness-balance/
Covid,https://connect.mayoclinic.org/discussion/long-covid-relationship-strain/
Covid,https://connect.mayoclinic.org/discussion/post-covid-symptoms-1/
Covid,https://connect.mayoclinic.org/discussion/severe-allergy-to-paxlovid/
Covid,https://connect.mayoclinic.org/discussion/tightness-in-head-and-neck-random-anxious-feelings/
Covid,https://connect.mayoclinic.org/discussion/post-covid-worsened-asthma-reflux-anyone/
Covid,https://connect.mayoclinic.org/discussion/alkaline-phosphatase-high-reading/
Covid,https://connect.mayoclinic.org/discussion/have-you-tried-this-treatment/
Covid,https://connect.mayoclinic.org/discussion/covid-19-has-caused-auto-immunity-food-reactions/
Covid,https://connect.mayoclinic.org/discussion/study-identifies-potential-target-for-treating-chronic-fatigue/
Covid,https://connect.mayoclinic.org/discussion/covid-tremors-and-covid-vibrations-support-group-and-myoclonus-jerks/
Covid,https://connect.mayoclinic.org/discussion/epstein-barr-treatment-for-long-covid/
Covid,https://connect.mayoclinic.org/discussion/rsv-vaccine-any-complications/
Covid,https://connect.mayoclinic.org/discussion/the-covid-crash/
Covid,https://connect.mayoclinic.org/discussion/handarm-numbness-during-sleep/
Covid,https://connect.mayoclinic.org/discussion/post-covid-sweating/
Covid,https://connect.mayoclinic.org/discussion/spike-protein-free-circulating-vaccine-versus-covid/
Covid,https://connect.mayoclinic.org/discussion/some-success-with-gi-issues/
Covid,https://connect.mayoclinic.org/discussion/phlegm-in-my-throat-and-post-nasal-drip-after-covid/
Covid,https://connect.mayoclinic.org/discussion/antibody-strength-years-after-vaccine-1/
Covid,https://connect.mayoclinic.org/discussion/has-anyone-heard-pf-low-dose-naltrexone-as-a-potential-treatment/
Covid,https://connect.mayoclinic.org/discussion/nicotine-patches-for-long-covid/
Covid,https://connect.mayoclinic.org/discussion/does-anyone-else-have-word-finding-issues/
Covid,https://connect.mayoclinic.org/discussion/post-covid-weird-symptoms/
Covid,https://connect.mayoclinic.org/discussion/post-covid-itch-and-hives/
Covid,https://connect.mayoclinic.org/discussion/covid-19-quad-muscle-pain/
Covid,https://connect.mayoclinic.org/discussion/long-covid-4/
Covid,https://connect.mayoclinic.org/discussion/blood-tests-for-long-covid-muscle-issues/
Covid,https://connect.mayoclinic.org/discussion/long-covid-symptoms-help/
Covid,https://connect.mayoclinic.org/discussion/pressurepain-inside-my-nose/
Covid,https://connect.mayoclinic.org/discussion/is-long-covid-person-contagious/
Covid,https://connect.mayoclinic.org/discussion/carpal-tunnel-like-symptoms-post-covid/
Covid,https://connect.mayoclinic.org/discussion/how-to-stop-the-vibrations/
Covid,https://connect.mayoclinic.org/discussion/input-re-mean-corpuscular-volume-mean-platelet-volume-labs-etc/
Covid,https://connect.mayoclinic.org/discussion/try-this-its-working-everyone/
Covid,https://connect.mayoclinic.org/discussion/post-covid-dizzinessoff-balance-as-most-troubling-symptom/
Covid,https://connect.mayoclinic.org/discussion/longest-lasting-symptom-after-covid/
Covid,https://connect.mayoclinic.org/discussion/what-helped-to-reduce-my-internal-vibrations/
Covid,https://connect.mayoclinic.org/discussion/loss-of-strength-and-signals-in-trunk-of-the-body/
Covid,https://connect.mayoclinic.org/discussion/keep-getting-covid-8-confirmed-and-long-covid-symptoms/
Covid,https://connect.mayoclinic.org/discussion/red-dots-on-feet/
Covid,https://connect.mayoclinic.org/discussion/nose-twitching/
Covid,https://connect.mayoclinic.org/discussion/day-21-still-testing-positive/
Covid,https://connect.mayoclinic.org/discussion/pcs-is-real/
Covid,https://connect.mayoclinic.org/discussion/has-anyone-had-the-new-booster-shot/
Covid,https://connect.mayoclinic.org/discussion/susceptibility-to-stress-and-depression/
Covid,https://connect.mayoclinic.org/discussion/paralysis/
Covid,https://connect.mayoclinic.org/discussion/does-anyone-else-suffer-from-chronic-intermittent-hypoxia/
Covid,https://connect.mayoclinic.org/discussion/has-anyone-found-glutathione-supplement-helps-recover-from-covid/
Covid,https://connect.mayoclinic.org/discussion/prescription-of-zifaxan-for-abdominal-painpossible-infection/
Covid,https://connect.mayoclinic.org/discussion/pvcs-after-covid-infection-do-they-go-away/
Covid,https://connect.mayoclinic.org/discussion/any-ideas-how-to-get-taste-smell-back-after-covid/
Covid,https://connect.mayoclinic.org/discussion/bruising-on-armslegs/
Covid,https://connect.mayoclinic.org/discussion/red-plaque-spots-1-mo-after-having-covid-223/
Covid,https://connect.mayoclinic.org/discussion/please-share-what-helps-for-severe-anxiety-burning-skin-feeling/
Covid,https://connect.mayoclinic.org/discussion/what-is-long-covid/
Covid,https://connect.mayoclinic.org/discussion/long-covid-covid-pneumonia/
Covid,https://connect.mayoclinic.org/discussion/please-allow-me-to-scream-and-yes-im-crying/
Covid,https://connect.mayoclinic.org/discussion/long-covid-neurological-symptoms/
Covid,https://connect.mayoclinic.org/discussion/latest-booster-has-eased-osteoarthritis-symptoms-in-hip-and-knees/
Covid,https://connect.mayoclinic.org/discussion/multiple-autoimmune-diseases-post-covid/
Covid,https://connect.mayoclinic.org/discussion/has-anyone-had-a-loved-one-tell-you-its-all-in-your-head/
Covid,https://connect.mayoclinic.org/discussion/did-paxlovid-also-relieve-your-arthritis-and-autoimmune-symptoms/
Covid,https://connect.mayoclinic.org/discussion/looking-for-exercise-videos/
Covid,https://connect.mayoclinic.org/discussion/continued-success-with-post-covid-gi-gerd-and-more-issues/
Covid,https://connect.mayoclinic.org/discussion/i-have-lingering-covid-cough-after-completing-the-covid-medication/
Covid,https://connect.mayoclinic.org/discussion/nac-supplement/
Covid,https://connect.mayoclinic.org/discussion/sharing-a-study-im-participating-in-for-fatigue/
Covid,https://connect.mayoclinic.org/discussion/loss-of-appetite-with-ldn/
Covid,https://connect.mayoclinic.org/discussion/any-treatments-for-rebound-covid/
Covid,https://connect.mayoclinic.org/discussion/a-must-read-from-harvard-university/
Covid,https://connect.mayoclinic.org/discussion/micro-clots/
Covid,https://connect.mayoclinic.org/discussion/pulmonary-hypertension-3/
Covid,https://connect.mayoclinic.org/discussion/weird-unwell-feeling-that-stems-from-headneck/
Covid,https://connect.mayoclinic.org/discussion/what-are-you-taking-for-anxiety-depression/
Covid,https://connect.mayoclinic.org/discussion/post-covid-hair-loss/
Covid,https://connect.mayoclinic.org/discussion/3-long-episodes-of-diagnosed-covid-since-end-of-jan-2023/
Covid,https://connect.mayoclinic.org/discussion/tinnitus-and-severe-vertigo/
Covid,https://connect.mayoclinic.org/discussion/abdominal-pain-pressure-and-diarrhea/
Covid,https://connect.mayoclinic.org/discussion/gastro-symptoms-after-covid-still-1-yr-later/
Covid,https://connect.mayoclinic.org/discussion/newly-developed-allergies-excema-in-ears/
Covid,https://connect.mayoclinic.org/discussion/ears-are-main-post-covid-complaint/
Covid,https://connect.mayoclinic.org/discussion/compilation-of-notes/
Covid,https://connect.mayoclinic.org/discussion/dealing-with-brain-fog/
Covid,https://connect.mayoclinic.org/discussion/swollen-lymph-nodes-just-feeling-very-defeated/
Covid,https://connect.mayoclinic.org/discussion/lymphedema-in-lower-extremities/
Covid,https://connect.mayoclinic.org/discussion/help-for-cough-chest-tightness-fatigue-fever-feeling/
Covid,https://connect.mayoclinic.org/discussion/post-covid-severe-cough-almost-2-years-later/
Covid,https://connect.mayoclinic.org/discussion/anyone-on-paxlovid-for-long-covid-clinical-trial/
Covid,https://connect.mayoclinic.org/discussion/covid-positive/
Covid,https://connect.mayoclinic.org/discussion/covid-19-caught-me-am-i-taking-the-right-steps/
Covid,https://connect.mayoclinic.org/discussion/paxlovid-rebound-1/
Covid,https://connect.mayoclinic.org/discussion/did-anyone-with-long-covid-take-paxlovid/
Covid,https://connect.mayoclinic.org/discussion/has-anyone-found-acupuncture-to-alleviate-symptoms/
Covid,https://connect.mayoclinic.org/discussion/did-anyone-tell-you-about-having-ibd-or-something-else/
Covid,https://connect.mayoclinic.org/discussion/is-the-vaccine-safe-for-someone-who-has-the-mthfr-mutation/
Covid,https://connect.mayoclinic.org/discussion/this-program-helping-me-recover/
Covid,https://connect.mayoclinic.org/discussion/new-long-covid-symptom-anyone-else/
Covid,https://connect.mayoclinic.org/discussion/covid-icu-ventilator-trache-lung-fibrosis-esophageal-dysphasia/
Covid,https://connect.mayoclinic.org/discussion/any-long-haulers-have-ulcerative-colitis-from-covid/
Covid,https://connect.mayoclinic.org/discussion/the-headaches-fatigue-and-dizziness-along-with-thebtinittus-is-excru/
Covid,https://connect.mayoclinic.org/discussion/long-covid-neuropathy-symptoms/
Covid,https://connect.mayoclinic.org/discussion/weird-covid-symptom/
Covid,https://connect.mayoclinic.org/discussion/post-covid-inflammatory-syndrome/
Covid,https://connect.mayoclinic.org/discussion/long-covid-treatment/
Covid,https://connect.mayoclinic.org/discussion/i-just-want-to-say-i-am-sorry-i-got-the-virus-4-times/
Covid,https://connect.mayoclinic.org/discussion/paxlovid-1/
Covid,https://connect.mayoclinic.org/discussion/have-you-been-cured-of-post-covid/
Covid,https://connect.mayoclinic.org/discussion/has-anyone-had-sinus-issues-and-tinnitus-from-covid-long-haul/
Covid,https://connect.mayoclinic.org/discussion/does-anyone-have-enlarged-lymph-nodes-in-their-neck-from-long-covid/
Covid,https://connect.mayoclinic.org/discussion/getting-new-covid-booster-and-rsv/
Covid,https://connect.mayoclinic.org/discussion/fyi-mayo-will-now-charge-50-for-mychart-messages-unbelievable/
Covid,https://connect.mayoclinic.org/discussion/washington-post-must-read-we-are-not-alone/
Covid,https://connect.mayoclinic.org/discussion/4-months-on-ventilator-recovering-at-home/
Covid,https://connect.mayoclinic.org/discussion/never-say-never/
Covid,https://connect.mayoclinic.org/discussion/getting-into-the-mayo-clinics-long-covid-programs/
Covid,https://connect.mayoclinic.org/discussion/periodic-severe-weakness-and-inability-to-function/
Covid,https://connect.mayoclinic.org/discussion/cpass-new-antibody-test/
Covid,https://connect.mayoclinic.org/discussion/anyone-infected-before-january-20-2020/
Covid,https://connect.mayoclinic.org/discussion/airplane-flight-while-still-recovering-from-long-haul-covid/
Covid,https://connect.mayoclinic.org/discussion/aaa-anursym/
Covid,https://connect.mayoclinic.org/discussion/cardiogastric-gi-symptoms-and-hiatal-hernia-flare/
Covid,https://connect.mayoclinic.org/discussion/recommendations-on-specific-clinics-for-long-covid/
Covid,https://connect.mayoclinic.org/discussion/treatment-ideas/
Covid,https://connect.mayoclinic.org/discussion/lung-nodules-post-covid/
Covid,https://connect.mayoclinic.org/discussion/extreme-vomitting/
Covid,https://connect.mayoclinic.org/discussion/is-any-one-else-getting-teaser-days/
Covid,https://connect.mayoclinic.org/discussion/post-covid-head-pressure-dizziness/
Covid,https://connect.mayoclinic.org/discussion/post-covidlong-covid-bladder-issues/
Covid,https://connect.mayoclinic.org/discussion/joint-inflammation-and-adults-possibly-from-covid/
Covid,https://connect.mayoclinic.org/discussion/pemf-mat-and-an-update/
Covid,https://connect.mayoclinic.org/discussion/charlie-horses-cramping/
Covid,https://connect.mayoclinic.org/discussion/im-so-worried-fiance-26-month-long-covid-declining-alone/
Covid,https://connect.mayoclinic.org/discussion/something-has-helped-clear-my-mind-of-fog/
Covid,https://connect.mayoclinic.org/discussion/anyone-else-have-ear-pain/
Covid,https://connect.mayoclinic.org/discussion/inner-ear-pressure-motion-sickness-fatigue/
Covid,https://connect.mayoclinic.org/discussion/will-feel-great-short-lived-poof-its-gone/
Covid,https://connect.mayoclinic.org/discussion/any-folks-receive-rx-during-covid/
Covid,https://connect.mayoclinic.org/discussion/has-anyone-experience-swollen-knuckle-joint/
Covid,https://connect.mayoclinic.org/discussion/myasthenia-gravis-7/
Covid,https://connect.mayoclinic.org/discussion/extreme-exhaustion-after-normal-exertion/
Covid,https://connect.mayoclinic.org/discussion/anyone-out-there-on-guanfacine/
Covid,https://connect.mayoclinic.org/discussion/tinnitus-14/
Covid,https://connect.mayoclinic.org/discussion/severe-leg-vibrations-constantly/
Covid,https://connect.mayoclinic.org/discussion/lt-covid-and-blood-type-connection/
Covid,https://connect.mayoclinic.org/discussion/short-term-disability/
Covid,https://connect.mayoclinic.org/discussion/a-plea-in-desperate-need-of-functionalholistic-md-in-wi-or-il/
Covid,https://connect.mayoclinic.org/discussion/anyone-with-longcovid-checked-ammonia-levels/
Covid,https://connect.mayoclinic.org/discussion/anyone-else-told-their-medical-system-has-no-neuro-willing-to-treat/
Covid,https://connect.mayoclinic.org/discussion/long-covid-with-canabis/
Covid,https://connect.mayoclinic.org/discussion/long-haul-covid-devastation/
Covid,https://connect.mayoclinic.org/discussion/covid-legs-and-toes/
Covid,https://connect.mayoclinic.org/discussion/does-anyone-have-problems-with-hair-loss-with-post-covid/
Covid,https://connect.mayoclinic.org/discussion/longcovid-lymphatic-dysfunction/
Covid,https://connect.mayoclinic.org/discussion/body-feels-like-its-buzzing-left-side-head-tingle-nausea-arms-ache/
Covid,https://connect.mayoclinic.org/discussion/seizuresinconclusive-t4st/
Covid,https://connect.mayoclinic.org/discussion/i-cant-sleep/
Covid,https://connect.mayoclinic.org/discussion/anyone-try-antihistamines-for-treatment-looks-to-be-very-successful/
Covid,https://connect.mayoclinic.org/discussion/anyone-do-poct-lactic-acid-lactate-test/
Covid,https://connect.mayoclinic.org/discussion/any-long-covid-people-here-who-develops-lung-modules/
Covid,https://connect.mayoclinic.org/discussion/changes-in-oral-health-post-covid-or-the-covid-vaccine/
Covid,https://connect.mayoclinic.org/discussion/covid-skin-condition/
Covid,https://connect.mayoclinic.org/discussion/lapse-in-recent-memory/
Covid,https://connect.mayoclinic.org/discussion/long-covid-and-gluten-sensitivity/
Covid,https://connect.mayoclinic.org/discussion/help-with-long-covid-recovery/
Covid,https://connect.mayoclinic.org/discussion/post-covid-recovery-is-a-paradox/
Covid,https://connect.mayoclinic.org/discussion/post-covid-long-term-chronic-constipation-like-marbles-anybody-else/
Covid,https://connect.mayoclinic.org/discussion/has-anyone-gotten-back-to-normal-after-one-complication-after-another/
Covid,https://connect.mayoclinic.org/discussion/no-smell-or-taste/
Covid,https://connect.mayoclinic.org/discussion/has-anyone-tried-golden-milk-for-their-long-covid/
Covid,https://connect.mayoclinic.org/discussion/gastritis-and-very-very-sensitive-stomach/
Covid,https://connect.mayoclinic.org/discussion/moderation-and-modification-how-can-you-benefit/
Covid,https://connect.mayoclinic.org/discussion/has-any-long-hauler-been-diagnosed-with-thinning-optic-nerveglaucoma/
Covid,https://connect.mayoclinic.org/discussion/joint-pain-and-much-fatigue-after-covid-vaccine/
Covid,https://connect.mayoclinic.org/discussion/ground-glass-opacity-in-lungs/
Covid,https://connect.mayoclinic.org/discussion/still-having-chest-tightness-3-weeks-out-from-covid/
Covid,https://connect.mayoclinic.org/discussion/nocturnal-anxiety-panic-attacks/
Covid,https://connect.mayoclinic.org/discussion/forgetfulcant-remembering-anything/
Covid,https://connect.mayoclinic.org/discussion/irritated-and-itchy-skin-with-no-rash/
Covid,https://connect.mayoclinic.org/discussion/did-my-covid-vaccines-change-my-sweating-permanently-i-am-a-hot-mess/
Covid,https://connect.mayoclinic.org/discussion/long-covid-burning-sensation-inside-their-muscles/
Covid,https://connect.mayoclinic.org/discussion/need-help-gaining-weight/
Covid,https://connect.mayoclinic.org/discussion/dysphasia/
Covid,https://connect.mayoclinic.org/discussion/uti-2/
Covid,https://connect.mayoclinic.org/discussion/recently-diagnosed-for-long-covid/
Covid,https://connect.mayoclinic.org/discussion/tiny-pimply-rash-always-there-but-very-itchy-off-and-on/
Covid,https://connect.mayoclinic.org/discussion/2-year-anniversary-of-covid-recovery/
Covid,https://connect.mayoclinic.org/discussion/post-covid-syndrome-palpitations/
Covid,https://connect.mayoclinic.org/discussion/another-booster-from-moderna-and-pfizer-coming/
Covid,https://connect.mayoclinic.org/discussion/internal-tremblingshakiness-nerve-pain-gabapentin-please-help/
Covid,https://connect.mayoclinic.org/discussion/have-long-haul-covid-and-acid-reflux-what-are-treatments/
Covid,https://connect.mayoclinic.org/discussion/can-i-infect-anyone/
Covid,https://connect.mayoclinic.org/discussion/any-long-haulers-here-develop-severe-burning-throat-tongue/
Covid,https://connect.mayoclinic.org/discussion/heel-pain/
Covid,https://connect.mayoclinic.org/discussion/vision-changes/
Covid,https://connect.mayoclinic.org/discussion/covid-symptoms-mimicking-sinus-an-overactive-bladder/
Covid,https://connect.mayoclinic.org/discussion/has-anyone-gotten-ulcerative-colitis-after-having-covid/
Covid,https://connect.mayoclinic.org/discussion/anyone-experience-kidney-issues-after-covid/
Covid,https://connect.mayoclinic.org/discussion/long-covid-legs-and-toes-red/
Covid,https://connect.mayoclinic.org/discussion/post-covid-skin-conditions/
Covid,https://connect.mayoclinic.org/discussion/post-covid-internal-vibrations-hair-loss/
Covid,https://connect.mayoclinic.org/discussion/hydrochlaquid/
Covid,https://connect.mayoclinic.org/discussion/covid-gut/
Covid,https://connect.mayoclinic.org/discussion/anyone-else-having-more-frequent-respiratory-infections-after-covid/
Covid,https://connect.mayoclinic.org/discussion/living-with-oxygen/
Covid,https://connect.mayoclinic.org/discussion/digestion-and-eating-post-covid/
Covid,https://connect.mayoclinic.org/discussion/long-covid-and-mecfs-holistic-healing-summit-2023-dr-teitlebaum/
Covid,https://connect.mayoclinic.org/discussion/unexplained-weight-gain/
Covid,https://connect.mayoclinic.org/discussion/long-hauler-of-2-years-struggling-with-decision-to-get-vaccinated/
Covid,https://connect.mayoclinic.org/discussion/continuous-tummy-pain-post-covid/
Covid,https://connect.mayoclinic.org/discussion/dizziness-and-confusion/
Covid,https://connect.mayoclinic.org/discussion/anyone-have-hida-scan-due-to-lt-covid/
Covid,https://connect.mayoclinic.org/discussion/i-dont-know-what-to-do-anymore/
Covid,https://connect.mayoclinic.org/discussion/this-is-where-we-are/
Covid,https://connect.mayoclinic.org/discussion/shortness-of-breath-after-recovering-from-corona-perfumes-and-cold-ai/
Covid,https://connect.mayoclinic.org/discussion/symptom-triggers/
Covid,https://connect.mayoclinic.org/discussion/12-week-virtual-post-covid-syndrome-treatment/
Covid,https://connect.mayoclinic.org/discussion/long-covid-come-and-go-or-ongoing/
Covid,https://connect.mayoclinic.org/discussion/covid-and-paxlovid/
Covid,https://connect.mayoclinic.org/discussion/anyone-experience-changes-in-your-menstrual-cycle/
Covid,https://connect.mayoclinic.org/discussion/any-ideas-how-to-get-low-cost-care-with-insurance/
Covid,https://connect.mayoclinic.org/discussion/circadian-rhythm-issues/
Covid,https://connect.mayoclinic.org/discussion/ezrin-peptides-and-long-covid/
Covid,https://connect.mayoclinic.org/discussion/post-covid-increase-in-anxiety-and-palpitations/
Covid,https://connect.mayoclinic.org/discussion/swollen-lymph-node-neck-as-a-result-of-covid-virus/
Covid,https://connect.mayoclinic.org/discussion/symptoms-7/
Covid,https://connect.mayoclinic.org/discussion/metformin-shows-efficacy-preventing-development-of-long-covid-by-65/
Covid,https://connect.mayoclinic.org/discussion/apheresis-or-ivig-treatment-for-long-covid/
Covid,https://connect.mayoclinic.org/discussion/severe-insomnia/
Covid,https://connect.mayoclinic.org/discussion/amyloid-microclot-test-s-african-treatment-available-in-us/
Covid,https://connect.mayoclinic.org/discussion/im-at-a-loss-for-words/
Covid,https://connect.mayoclinic.org/discussion/new-to-living-with-long-term-covid/
Covid,https://connect.mayoclinic.org/discussion/anyone-develop-worsened-acid-reflux-gerd-or-a-hernia-post-covid/
Covid,https://connect.mayoclinic.org/discussion/how-many-people-do-you-know-that-have-long-covid/
Covid,https://connect.mayoclinic.org/discussion/long-covid-awareness-day/
Covid,https://connect.mayoclinic.org/discussion/anyone-with-long-covid-have-trouble-with-bone-healing/
Covid,https://connect.mayoclinic.org/discussion/post-exertional-malaise/
Covid,https://connect.mayoclinic.org/discussion/has-anyone-been-following-gez-medinger-on-youtube/
Covid,https://connect.mayoclinic.org/discussion/how-long-do-you-sleep-every-daynight/
Covid,https://connect.mayoclinic.org/discussion/what-do-you-do-for-exhaustion-and-brain-fog/
Covid,https://connect.mayoclinic.org/discussion/i-left-to-so-im-back-postcovid/
Covid,https://connect.mayoclinic.org/discussion/low-dose-naltrexon-helping-alot/
Covid,https://connect.mayoclinic.org/discussion/reactions-of-others-to-your-long-covid/
Covid,https://connect.mayoclinic.org/discussion/experiencing-delayed-post-covid-fatigue-shakes-and-overwhelming-anxiet/
Covid,https://connect.mayoclinic.org/discussion/nosebleeds-during-this-covid-variant/
Covid,https://connect.mayoclinic.org/discussion/swollen-lymphnode-in-neck/
Covid,https://connect.mayoclinic.org/discussion/what-to-use-for-anxiety-with-higher-heart-rate-and-a-sensitive-body/
Covid,https://connect.mayoclinic.org/discussion/is-anyone-taking-amantadine-for-brain-fog/
Covid,https://connect.mayoclinic.org/discussion/low-dose-naltrexone-for-post-covid-recovery-experiences/
Covid,https://connect.mayoclinic.org/discussion/anyone-still-cant-smell-or-taste-certain-things/
Covid,https://connect.mayoclinic.org/discussion/how-many-had-vacs-before-long-covid/
Covid,https://connect.mayoclinic.org/discussion/i-am-finally-giving-up-covid-can-have-me/
Covid,https://connect.mayoclinic.org/discussion/new-approach-to-managing-for-life-with-longhaulers/
Covid,https://connect.mayoclinic.org/discussion/covid-and-complex-regional-pain-syndrome/
Covid,https://connect.mayoclinic.org/discussion/post-covid-brain-issues/
Covid,https://connect.mayoclinic.org/discussion/no-appetite-for-months-suddenly-now-i-am-famished/
Covid,https://connect.mayoclinic.org/discussion/does-anyone-have-this-particular-gi-symptoms-post-covid/
Covid,https://connect.mayoclinic.org/discussion/newly-diagnosed-complex-migraine-with-aura-post-covid/
Covid,https://connect.mayoclinic.org/discussion/vomiting-liquids-post-covid/
Covid,https://connect.mayoclinic.org/discussion/dental-pain-after-getting-covid-no-heatcold-sensitivity-just-pain/
Covid,https://connect.mayoclinic.org/discussion/i-am-trying-to-get-into-mayo-for-long-covid/
Covid,https://connect.mayoclinic.org/discussion/brain-changes-from-long-haulers/
Covid,https://connect.mayoclinic.org/discussion/buzzing-feeling-in-head/
Covid,https://connect.mayoclinic.org/discussion/post-covid-cough/
Covid,https://connect.mayoclinic.org/discussion/post-covid-gastrointestinal-issues/
Covid,https://connect.mayoclinic.org/discussion/diagnosed-a-while-ago-with-pots-but-my-bp/
Covid,https://connect.mayoclinic.org/discussion/anesthesia-with-long-covid/
Covid,https://connect.mayoclinic.org/discussion/exacerbated-anxiety-and-depression-brain-fog-long-covid/
Covid,https://connect.mayoclinic.org/discussion/does-anyone-else-feel-like-exercising-makes-your-symptoms-worse/
Covid,https://connect.mayoclinic.org/discussion/susceptibility-to-severe-covid-due-to-long-covid/
Covid,https://connect.mayoclinic.org/discussion/smell-and-taste/
Covid,https://connect.mayoclinic.org/discussion/difficulty-driving-after-covid-19/
Covid,https://connect.mayoclinic.org/discussion/post-covid-fear/
Covid,https://connect.mayoclinic.org/discussion/almost-dead-from-long-covid-help/
Covid,https://connect.mayoclinic.org/discussion/long-covid-getting-more-boosters-any-reputable-info-out-there/
Covid,https://connect.mayoclinic.org/discussion/coronavirus-2/
Covid,https://connect.mayoclinic.org/discussion/is-there-any-information-about-long-haulers-being-more-prone-to-long-c/
Covid,https://connect.mayoclinic.org/discussion/anyone-think-that-its-no-longer-long-covid-just-permanent-damage/
Covid,https://connect.mayoclinic.org/discussion/post-covid-anxiety/
Covid,https://connect.mayoclinic.org/discussion/acupuncture-to-relieve-dizziness/
Covid,https://connect.mayoclinic.org/discussion/pots-3/
Covid,https://connect.mayoclinic.org/discussion/post-covid-for-21-months-now-and-still-declining/
Covid,https://connect.mayoclinic.org/discussion/new-study-on-impact-of-long-covid-on-employment-disability-and-more/
Covid,https://connect.mayoclinic.org/discussion/finally-going-to-see-primary-doctor-long-covid/
Covid,https://connect.mayoclinic.org/discussion/is-anyone-unable-to-stand-in-one-spot-without-getting-exhausted/
Covid,https://connect.mayoclinic.org/discussion/why-did-the-blog-stop/
Covid,https://connect.mayoclinic.org/discussion/are-fuo-common-months-after-covid/
Covid,https://connect.mayoclinic.org/discussion/post-covid-chest-tightness-pressure-in-throat-dizziness-sob/
Covid,https://connect.mayoclinic.org/discussion/auto-immune-disease-women-and-long-covid/
Covid,https://connect.mayoclinic.org/discussion/anyone-experiencing-resurgence-of-long-haul-symptoms/
Covid,https://connect.mayoclinic.org/discussion/wearing-mask-to-avoid-additional-germs/
Covid,https://connect.mayoclinic.org/discussion/nap-attacs/
Covid,https://connect.mayoclinic.org/discussion/ocular-migraines-post-covid-triggered-gbs/
Covid,https://connect.mayoclinic.org/discussion/anyone-experienced-post-covid-tingling-near-mouth-area/
Covid,https://connect.mayoclinic.org/discussion/how-many-covid-vaccinations-are-appropriate/
Covid,https://connect.mayoclinic.org/discussion/shortness-of-breath-a-year-and-a-half-after-recovering-from-corona/
Covid,https://connect.mayoclinic.org/discussion/going-back-to-work-2/
Covid,https://connect.mayoclinic.org/discussion/brain-fog-go-away-on-its-own/
Covid,https://connect.mayoclinic.org/discussion/when-plans-change-because-of-health-issues-how-do-you-cope/
Covid,https://connect.mayoclinic.org/discussion/reinfection-and-immune-suppression-on-prednisone/
Covid,https://connect.mayoclinic.org/discussion/neuropathy-in-feet-post-covid/
Covid,https://connect.mayoclinic.org/discussion/monolaurin-for-long-covid/
Covid,https://connect.mayoclinic.org/discussion/long-covid-prickly-burning-hands-at-night/
Covid,https://connect.mayoclinic.org/discussion/anyone-else-experiencing-what-i-call-head-awareness-1/
Covid,https://connect.mayoclinic.org/discussion/shingles-shot-helped-or-hurt-long-covid-symptoms/
Covid,https://connect.mayoclinic.org/discussion/long-covid-handbook/
Covid,https://connect.mayoclinic.org/discussion/recovery-strategy/
Covid,https://connect.mayoclinic.org/discussion/thinking-its-all-in-our-heads/
Covid,https://connect.mayoclinic.org/discussion/garbageburning-taste-and-smell/
Covid,https://connect.mayoclinic.org/discussion/how-long-have-you-had-post-covid/
Covid,https://connect.mayoclinic.org/discussion/how-common-is-pots-after-long-covid-exposure/
Covid,https://connect.mayoclinic.org/discussion/nerve-sensation/
Covid,https://connect.mayoclinic.org/discussion/flu-shot-with-long-haulers-covid-recovery/
Covid,https://connect.mayoclinic.org/discussion/how-is-the-cold-winter-weather-affecting-those-of-us-with-long-covid/
Covid,https://connect.mayoclinic.org/discussion/any-have-insomnia-as-symptom-of-covid-19/
Covid,https://connect.mayoclinic.org/discussion/post-covid-and-signals-of-measles/
Covid,https://connect.mayoclinic.org/discussion/blood-pressure-2/
Covid,https://connect.mayoclinic.org/discussion/anyone-have-long-term-recovery/
Covid,https://connect.mayoclinic.org/discussion/waited-6-months-to-go-to-long-hauler-covid-clinic-and-very-disappointe/
Covid,https://connect.mayoclinic.org/discussion/when-to-go-back-to-workwork-from-home/
Covid,https://connect.mayoclinic.org/discussion/anyone-using-wearable-devices-to-track-and-manage-long-covid/
Covid,https://connect.mayoclinic.org/discussion/will-omicron-make-long-covid-symptoms-worse/
Covid,https://connect.mayoclinic.org/discussion/dystonia-1/
Covid,https://connect.mayoclinic.org/discussion/cytokines-through-the-brain-blood-barrier/
Covid,https://connect.mayoclinic.org/discussion/brain-foggers-ask-your-doc-about-adhd-meds/
Covid,https://connect.mayoclinic.org/discussion/do-i-need-trelegy-for-long-covid-shortness-of-breath/
Covid,https://connect.mayoclinic.org/discussion/deep-breathing-and-mindfulness-educational-class/
Covid,https://connect.mayoclinic.org/discussion/many-long-post-covid-symptoms/
Covid,https://connect.mayoclinic.org/discussion/covid-19-and-monoclonal-antibodies-no-antibodies-after-vaccines/
Covid,https://connect.mayoclinic.org/discussion/sharp-hip-and-lower-back-pain/
Covid,https://connect.mayoclinic.org/discussion/returning-sore-throat/
Covid,https://connect.mayoclinic.org/discussion/digestion-complications-after-covid/
Covid,https://connect.mayoclinic.org/discussion/burning-gut-issues-still-11-months-out/
Covid,https://connect.mayoclinic.org/discussion/amalgamation-of-research-self-treatment/
Covid,https://connect.mayoclinic.org/discussion/post-covid-19-and-pulmonary-fibrosis/
Covid,https://connect.mayoclinic.org/discussion/ayurveda/
Covid,https://connect.mayoclinic.org/discussion/spontaneous-nose-bleeds-with-this-covid-variant/
Covid,https://connect.mayoclinic.org/discussion/still-on-oxygen-after-a-year/
Covid,https://connect.mayoclinic.org/discussion/sob-with-shoulder-pt/
Covid,https://connect.mayoclinic.org/discussion/looking-for-hope-in-a-time-of-trauma/
Covid,https://connect.mayoclinic.org/discussion/symptoms-throughout-the-day/
Covid,https://connect.mayoclinic.org/discussion/post-covid-flair-up-monthly/
Covid,https://connect.mayoclinic.org/discussion/post-covid-cough-cant-havent-been-back-to-work/
Covid,https://connect.mayoclinic.org/discussion/dealing-with-post-covid/
Covid,https://connect.mayoclinic.org/discussion/muscle-pain-where-my-kidneys-are/
